id,topic,difficulty,question,options,correctAnswer
"pdf_B1_REKCJA_001","Rekcja czasowników","medium","Moja decyzja _______ wyników egzaminu.","A) zależy na | B) zależy z | C) zależy od","C"
"pdf_B1_REKCJA_002","Rekcja czasowników","medium-high","Mój brat bardzo _______ historią Polski.","A) interesuje o | B) interesuje się | C) interesuje","B"
"pdf_B1_NEGACJA_001","Negacja + dopełniacz","medium","Wczoraj kupiłem nowy telefon, ale dzisiaj nie mam już _______.","A) nowy telefon | B) nowego telefonu | C) nowym telefonem","B"
"pdf_B1_ZAIMKI_001","Zaimki osobowe","medium-high","Widziałem Annę wczoraj. Dałem _______ książkę, którą chciała.","A) ją | B) ona | C) jej","C"
"pdf_B1_ZEBY_001","Infinityw vs żeby","high","Mama poprosiła mnie, _______ wcześniej wrócił do domu.","A) żeby | B) żebym | C) że","B"
"pdf_B1_WARUNEK_001","Zdania warunkowe","medium-high","_______ miał więcej czasu, pojechałbym na wakacje.","A) Jeśli | B) Kiedy | C) Gdybym","C"
"pdf_B1_SZYK_001","Szyk zdania","medium","Która forma jest poprawna?","A) Się bardzo cieszę, że przyjechałeś. | B) Bardzo się cieszę, że przyjechałeś. | C) Cieszę bardzo się, że przyjechałeś.","B"
"pdf_B1_BEZOSOBOWE_001","Formy bezosobowe","high","W tym muzeum _______ fotografować.","A) się nie wolno | B) nie można się | C) nie wolno","C"
"pdf_B1_REKCJA_TEKST_001","Rekcja czasowników","medium-high","Moja siostra od dziecka marzyła _______ zostaniu lekarką. Teraz studiuje medycynę i jest bardzo szczęśliwa.","A) o | B) na | C) z","A"
"pdf_B1_SPOJNIKI_001","Spójniki czasowe","medium","_______ wyjdziesz z domu, sprawdź, czy zamknąłeś okna.","A) Chociaż | B) Dopóki | C) Zanim","C"
"pdf_B1_ASPEKT_001","Aspekt czasownika","medium","Wczoraj cały wieczór _______ tę książkę, ale nie skończyłem.","A) przeczytałem | B) czytałem | C) przeczytam","B"
"pdf_B1_ASPEKT_002","Aspekt czasownika","medium-high","Nareszcie _______ ten trudny egzamin! Jestem bardzo szczęśliwy.","A) zdawałem | B) zdaję | C) zdałem","C"
"pdf_B1_PRZYIMKI_001","Przyimki","medium","W tym roku jedziemy _______ wakacje do Włoch.","A) na wakacjach | B) na wakacje | C) o wakacjach","B"
"pdf_B1_PRZYIMKI_002","Przyimki","medium-high","Po pracy zawsze wracam prosto _______.","A) w domu | B) do domu | C) na dom","B"
"pdf_B1_BIERNA_001","Strona bierna","high","Ten most _______ zbudowany w XIX wieku.","A) był | B) został | C) jest","B"
"pdf_B1_BIERNA_002","Strona bierna","medium-high","Kiedy weszłam do pokoju, okno _______ otwarte.","A) zostało | B) było | C) będzie","B"
"pdf_B1_SWOJ_001","Zaimki dzierżawcze","high","Marek kocha _______ żonę bardzo mocno.","A) jego | B) jej | C) swoją","C"
"pdf_B1_SWOJ_002","Zaimki dzierżawcze","high","Anna rozmawiała z Piotrem. Potem wzięła _______ książkę i wyszła.","A) swoją | B) jego | C) jej","A"
"pdf_B1_ASPEKT_003","Aspekt czasownika","medium","Jutro _______ list do babci.","A) będę pisać | B) napiszę | C) pisałem","B"
"pdf_B1_PRZYIMKI_003","Przyimki","medium","Spotkamy się _______, około godziny 18.","A) przez pracę | B) za pracę | C) po pracy","C"
"B1_REKCJA_003","Rekcja czasowników — czekać na + biernik","medium","Już pół godziny _______ autobus, ale wciąż go nie ma.","A) czekam na | B) czekam o | C) czekam dla | D) czekam z","A"
"B1_ASPEKT_004","Aspekt czasownika — powtarzalność vs jednorazowość","medium-high","Kiedy byłem dzieckiem, co roku _______ na wakacje nad morze.","A) pojechałem | B) jeździłem | C) pojadę | D) jechałem","B"
"B1_PRZYIMKI_004","Przyimki z przypadkami — u + dopełniacz (miejsce)","medium","W weekend byłem _______ babci na obiedzie.","A) do babci | B) u babci | C) przy babci | D) z babcią","B"
"B1_BIERNA_003","Strona bierna — czas teraźniejszy (jest + imiesłów)","high","Ten budynek _______ teraz remontowany, dlatego nie można wejść do środka.","A) został | B) będzie | C) jest | D) był","C"
"B1_SWOJ_003","Zaimki dzierżawcze — swój vs mój w zdaniach złożonych","high","Powiedziałem Tomkowi, że lubię _______ nowe mieszkanie.","A) moje | B) swoje | C) jego | D) twoje","B"
"B1_NEGACJA_002","Negacja — dopełniacz po przeczeniu","medium","Przepraszam, ale nie mam _______ — zostawiłem go w domu.","A) dowód osobisty | B) dowodu osobistego | C) dowodem osobistym | D) dowodzie osobistym","B"
"B1_ZEBY_002","Infinityw vs żeby — ten sam podmiot","high","Chcę _______ lepiej po polsku.","A) żebym mówił | B) żeby mówić | C) mówić | D) że mówię","C"
"B1_WARUNEK_002","Zdania warunkowe — jeśli vs gdyby (realny warunek)","medium-high","_______ jutro będzie ładna pogoda, pójdziemy na spacer.","A) Gdyby | B) Jeśli | C) Chociaż | D) Żeby","B"
"B1_SZYK_002","Szyk zdania — miejsce zaimka ""się"" po spójniku","medium","Która forma jest poprawna?","A) Kiedy się obudziłem, było już późno. | B) Kiedy obudziłem się, było już późno. | C) Się kiedy obudziłem, było już późno. | D) Kiedy obudziłem, się było już późno.","A"
"B1_SPOJNIKI_002","Spójniki — chociaż vs dlatego że (przyzwolenie vs przyczyna)","medium","_______ pada deszcz, pójdę na spacer — lubię chodzić w deszczu.","A) Dlatego że | B) Ponieważ | C) Chociaż | D) Żeby","C"
"B1_REKCJA_004","Rekcja czasowników — dbać o vs troszczyć się o vs opiekować się","high","Babcia jest już stara i nie może sama chodzić, dlatego codziennie _______ nią moja mama.","A) dba o | B) troszczy się o | C) opiekuje się | D) martwi się o","C"
"B1_ASPEKT_005","Aspekt czasownika — brać vs wziąć w kontekście przyszłym","high","Jeśli będzie padać, _______ parasol.","A) będę brać | B) wezmę | C) brałem | D) biorę","B"
"B1_SWOJ_004","Zaimki dzierżawcze — swój vs jego w zdaniu z dwoma osobami","high","Piotr spotkał Marka i oddał mu _______ książkę.","A) swoją | B) jego | C) jej | D) moją","A"
"B1_BIERNA_004","Strona bierna — został vs był vs bywał","high","W tym hotelu _______ kiedyś gościem sam prezydent.","A) został | B) był | C) bywał | D) zostanie","B"
"B1_ZEBY_003","Żeby vs aby vs by — różnice stylistyczne i gramatyczne","high","Proszę, _______ pan usiadł i poczekał chwilę.","A) żebyś | B) żeby | C) abyś | D) że","B"
"B1_PRZYIMKI_005","Przyimki — za + biernik vs za + dopełniacz vs za + narzędnik","high","Bardzo ci dziękuję _______ — bez ciebie bym sobie nie poradził.","A) za pomocą | B) za pomoc | C) dla pomocy | D) o pomoc","B"
"B1_NEGACJA_003","Negacja — podwójne przeczenie i dopełniacz","high","Nigdy nie widziałem _______ tak pięknego.","A) nic | B) niczego | C) coś | D) cokolwiek","B"
"B1_WARUNEK_003","Zdania warunkowe — gdyby w czasie przeszłym (III tryb warunkowy)","high","_______ wcześniej, zdążyłbyś na pociąg.","A) Gdybyś wyszedł | B) Jeśli wyjdziesz | C) Kiedy wyszedłeś | D) Że wyszedłeś","A"
"B1_ZAIMKI_002","Zaimki osobowe — formy akcentowane vs nieakcentowane","high","Kogo zapraszasz na imprezę? — Zapraszam _______, nie jego.","A) ją | B) nią | C) jej | D) ona","B"
"B1_SPOJNIKI_003","Spójniki — podczas gdy vs gdy vs kiedy (kontrast vs czas)","high","Ja ciężko pracuję, _______ ty tylko siedzisz i nic nie robisz.","A) kiedy | B) gdy | C) podczas gdy | D) dopóki","C"
"B1_REKCJA_005","Rekcja czasowników — bać się + dopełniacz vs bać się o + biernik","high","Mama bardzo _______ mojego zdrowia, dlatego ciągle mi przypomina o lekarstwach.","A) boi się | B) boi się o | C) martwi | D) obawia","B"
"B1_ASPEKT_006","Aspekt czasownika — zapominać vs zapomnieć + kontekst","high","Zawsze _______ o jej urodzinach! W tym roku znowu nie kupiłem prezentu.","A) zapomniałem | B) zapominam | C) zapomnę | D) zapomniałbym","B"
"B1_PRZYIMKI_006","Przyimki — przed + narzędnik vs przed + biernik (czas vs miejsce)","high","Spotkajmy się _______ o godzinie 19.","A) przed teatr | B) przed teatrem | C) do teatru | D) przy teatrze","B"
"B1_BIERNA_005","Strona bierna — imiesłów bierny: rodzaj i liczba","high","Wszystkie okna w domu _______ przez burzę.","A) zostały wybite | B) został wybity | C) została wybita | D) zostało wybite","A"
"B1_SWOJ_005","Zaimki dzierżawcze — swój w bezokoliczniku","high","Trzeba dbać o _______ zdrowie.","A) swoje | B) moje | C) twoje | D) jego","A"
"B1_NEGACJA_004","Negacja — żaden vs żadnego (przypadek po przeczeniu)","high","Nie mam _______ pomysłu, co jej kupić na urodziny.","A) żaden | B) żadnego | C) jakiś | D) jakiegoś","B"
"B1_ZEBY_004","Żeby vs że — po czasownikach mówienia","high","Powiedział mi, _______ jutro nie przyjdzie do pracy.","A) żeby | B) żebym | C) że | D) aby","C"
"B1_WARUNEK_004","Zdania warunkowe — chyba że (wyjątek od warunku)","high","Pójdę na spacer, _______ będzie padać.","A) jeśli | B) chyba że | C) gdyby | D) dlatego że","B"
"B1_ZAIMKI_003","Zaimki osobowe — siebie vs się (forma akcentowana)","high","Kup coś dla _______ — zasługujesz na prezent!","A) się | B) siebie | C) sobie | D) sobą","B"
"B1_SPOJNIKI_004","Spójniki — ani...ani vs albo...albo (przeczenie vs wybór)","high","Nie lubię _______ kawy, _______ herbaty — piję tylko wodę.","A) albo... albo | B) ani... ani | C) i... i | D) lub... lub","B"
"B1_LICZEBNIKI_001","Liczebniki główne — odmiana z rzeczownikami męskoosobowymi","high","Na imprezie było _______ chłopców z naszej klasy.","A) pięć | B) pięciu | C) pięcioro | D) piąty","B"
"B1_LICZEBNIKI_002","Liczebniki główne — ""dwa"" vs ""dwóch"" vs ""dwoje""","high","W pokoju siedziało _______ — mężczyzna i kobieta.","A) dwa | B) dwóch | C) dwoje | D) dwie","C"
"B1_LICZEBNIKI_003","Liczebniki główne — odmiana w dopełniaczu","high","Nie widziałem _______ moich braci od tygodnia.","A) trzech | B) trzy | C) trzej | D) troje","A"
"B1_LICZEBNIKI_004","Liczebniki główne — tysiąc, milion + przypadek","high","W Warszawie mieszka około _______ ludzi.","A) dwa miliony | B) dwóch milionów | C) dwa milionów | D) dwoma milionami","B"
"B1_LICZEBNIKI_005","Liczebniki porządkowe — odmiana w miejscowniku","high","Mieszkam na _______ piętrze w nowym bloku.","A) trzecim | B) trzeci | C) trzecia | D) trzeciego","A"
"B1_LICZEBNIKI_006","Liczebniki zbiorowe — dwoje, troje, czworo + dzieci","high","Moja siostra ma _______ małych dzieci.","A) trzy | B) trzech | C) troje | D) trzej","C"
"B1_LICZEBNIKI_007","Liczebniki główne — sto, dwieście, trzysta + odmiana","high","W tej szkole uczy się około _______ uczniów.","A) trzysta | B) trzystu | C) trzechset | D) trzema setkami","B"
"B1_LICZEBNIKI_008","Liczebniki główne — ""jeden"" odmiana z rzeczownikiem żeńskim","high","Zostałam sama — nie mam ani _______ przyjaciółki w tym mieście.","A) jednej | B) jedna | C) jednego | D) jednym","A"
"B1_LICZEBNIKI_009","Liczebniki główne — ""cztery"" odmiana z męskoosobowymi","high","Rozmawiałem z _______ kolegami z pracy.","A) cztery | B) czterema | C) czterech | D) czterej","B"
"B1_LICZEBNIKI_010","Liczebniki porządkowe — data w dopełniaczu","high","Spotkanie odbędzie się _______ marca.","A) piątego | B) piąty | C) pięć | D) piątym","A"
"B1_LICZEBNIKI_011","Liczebniki główne — ""oba"" vs ""obaj"" vs ""obie"" vs ""oboje""","high","_______ bracia przyjechali na święta.","A) Oba | B) Obaj | C) Obie | D) Oboje","B"
"B1_LICZEBNIKI_012","Liczebniki główne — ""półtora"" vs ""półtorej"" + przypadek","high","Czekałem na nią _______ godziny.","A) półtora | B) półtorej | C) półtory | D) pół tora","B"
"B1_LICZEBNIKI_013","Liczebniki porządkowe — ""pierwszy"" vs ""jedna"" w datach","high","Urodziłam się _______ stycznia tysiąc dziewięćset dziewięćdziesiątego roku.","A) pierwszego | B) jeden | C) jednego | D) pierwszym","A"
"B1_LICZEBNIKI_014","Liczebniki zbiorowe — ""oboje"" vs ""obydwoje"" + odmiana","high","Kupiłem prezenty dla _______ rodziców.","A) obojga | B) oboje | C) obydwu | D) obu","A"
"B1_LICZEBNIKI_015","Liczebniki główne — ""dwadzieścia jeden"" + rzeczownik","high","W klasie jest dwadzieścia _______ uczeń.","A) jeden | B) jednego | C) pierwszego | D) jedna","A"
"B1_LICZEBNIKI_016","Liczebniki główne — ""kilka"" odmiana w narzędniku","high","Rozmawiałem z _______ kolegami z pracy.","A) kilka | B) kilku | C) kilkoma | D) kilkoro","C"
"B1_LICZEBNIKI_017","Liczebniki główne — ""dwoje"" odmiana w celowniku","high","Dałem klucze _______ sąsiadom — mężowi i żonie.","A) dwoje | B) dwóm | C) dwojgu | D) dwom","C"
"B1_LICZEBNIKI_018","Liczebniki porządkowe — rok w dopełniaczu","high","Mieszkam w Polsce od _______ roku.","A) dwa tysiące dziesiątego | B) dwutysięcznego dziesiątego | C) dwa tysiące dziesiąty | D) dwutysięcznym dziesiątym","A"
"B1_LICZEBNIKI_019","Liczebniki główne — ""pięćset"" vs ""pięciuset"" + odmiana","high","Do egzaminu przystąpiło około _______ osób.","A) pięćset | B) pięciuset | C) pięcioma setkami | D) pięćsetów","B"
"B1_LICZEBNIKI_020","Liczebniki ułamkowe — ""połowa"" odmiana","high","Przeczytałem już _______ tej książki.","A) połowa | B) połowę | C) połowy | D) półtora","B"
"B1_LICZEBNIKI_021","Liczebniki ułamkowe — jedna trzecia, dwie piąte","high","_______ uczniów w naszej klasie to dziewczyny.","A) Jedna trzecia | B) Jednej trzeciej | C) Jedną trzecią | D) Jeden trzeci","A"
"B1_LICZEBNIKI_022","Liczebniki nieokreślone — wielu vs wiele + męskoosobowe","high","Na konferencji było _______ profesorów z całego świata.","A) wiele | B) wielu | C) wieloma | D) wielkich","B"
"B1_LICZEBNIKI_023","Liczebniki nieokreślone — niewielu vs niewiele + męskoosobowe","high","_______ studentów zdało ten trudny egzamin.","A) Niewiele | B) Niewielu | C) Niewielka | D) Nieliczni","B"
"B1_LICZEBNIKI_024","Liczebniki główne — tysiąc + setki + dziesiątki","high","W bibliotece jest _______ książek.","A) tysiąc dwieście trzydzieści pięć | B) tysiąca dwustu trzydziestu pięciu | C) tysiącem dwustu trzydziestu pięciu | D) tysiące dwieście trzydzieści pięć","A"
"B1_LICZEBNIKI_025","Liczebniki wielokrotne — trzykrotnie vs potrójnie vs trzy razy","high","Sprawdziłem ten dokument _______ i nie znalazłem żadnych błędów.","A) trzykrotnie | B) potrójnie | C) trzecio | D) trojakie","A"
"B1_LICZEBNIKI_026","Liczebniki porządkowe — ""setny"" vs ""sto"" w kontekście","high","To już _______ raz, kiedy ci to mówię!","A) setny | B) sto | C) setnego | D) stówy","A"
"B1_LICZEBNIKI_027","Liczebniki główne — ""czworo"" vs ""cztery"" vs ""czterech""","high","W rodzinie Kowalskich jest _______ rodzeństwa.","A) cztery | B) czterech | C) czworo | D) czwarty","C"
"B1_LICZEBNIKI_028","Liczebniki główne — ""oba"" odmiana w dopełniaczu","high","Nie widziałem _______ filmów, o których mówisz.","A) obu | B) oba | C) obydwa | D) obydwóch","A"
"B1_LICZEBNIKI_029","Liczebniki główne — ""pięcioro"" odmiana w narzędniku","high","Pojechałem na wakacje z _______ dzieci.","A) pięcioro | B) pięciorgiem | C) pięcioma | D) pięciu","B"
"B1_LICZEBNIKI_030","Liczebniki główne — ""osiemnaście"" vs ""osiemnastu"" + wiek","high","Moja córka ma _______ lat.","A) osiemnaście | B) osiemnastu | C) osiemnasty | D) osiemnastego","A"
"B1_TRANSFORMACJE_001","Transformacje — strona czynna → strona bierna","high","Zdanie ""Policja zatrzymała złodzieja"" można przekształcić na:","A) Złodziej został zatrzymany przez policję. | B) Złodziej był zatrzymany przez policję. | C) Złodziej zatrzymał się przez policję. | D) Złodzieja zatrzymała policja.","A"
"B1_TRANSFORMACJE_002","Transformacje — mowa zależna (czas przeszły)","high","Marek powiedział wczoraj: ""Jutro pójdę do lekarza."" → Marek powiedział, że _______.","A) jutro pójdzie do lekarza | B) następnego dnia pójdzie do lekarza | C) jutro poszedł do lekarza | D) następnego dnia poszedłby do lekarza","B"
"B1_TRANSFORMACJE_003","Transformacje — zdanie z ""musieć"" → zdanie z ""trzeba""","high","Zdanie ""Musisz to zrobić"" można przekształcić na:","A) Trzeba to zrobić. | B) Trzeba ci to zrobić. | C) Trzeba, żebyś to zrobił. | D) Trzeba tobie to zrobić.","C"
"B1_TRANSFORMACJE_004","Transformacje — przeczenie z ""nikt"" / ""nic""","high","Zdanie ""Wszyscy przyszli na spotkanie"" w formie przeczącej to:","A) Wszyscy nie przyszli na spotkanie. | B) Nikt nie przyszedł na spotkanie. | C) Nie wszyscy przyszli na spotkanie. | D) Żaden nie przyszedł na spotkanie.","B"
"B1_TRANSFORMACJE_005","Transformacje — stopień wyższy → stopień najwyższy","high","Zdanie ""Jan jest wyższy od Piotra"" można przekształcić na zdanie ze stopniem najwyższym:","A) Jan jest najwyższy z Piotra. | B) Jan jest najwyższym z nich dwóch. | C) Jan jest wyższy najwyżej. | D) Jan jest najwyższy niż Piotr.","B"
"B1_TRANSFORMACJE_006","Transformacje — zdanie warunkowe realne → nierealne","high","Zdanie ""Jeśli będzie ładna pogoda, pójdziemy na spacer"" w formie nierealnej to:","A) Gdyby była ładna pogoda, poszlibyśmy na spacer. | B) Jeśliby była ładna pogoda, poszlibyśmy na spacer. | C) Gdyby będzie ładna pogoda, pójdziemy na spacer. | D) Jak była ładna pogoda, poszliśmy na spacer.","A"
"B1_TRANSFORMACJE_007","Transformacje — zdanie z ""chcieć"" → zdanie z ""żeby""","high","Zdanie ""Chcę, żebyś mi pomógł"" można przekształcić na zdanie z bezokolicznikiem, jeśli:","A) Podmiot jest ten sam: ""Chcę ci pomóc."" | B) Podmiot jest inny: ""Chcę pomóc ci."" | C) Nie można przekształcić na bezokolicznik. | D) Podmiot jest ten sam: ""Chcę, żebym ci pomógł.""","C"
"B1_TRANSFORMACJE_008","Transformacje — zdanie czasowe z ""kiedy"" → z ""po""","high","Zdanie ""Kiedy skończę pracę, zadzwonię do ciebie"" można przekształcić na:","A) Po skończeniu pracy zadzwonię do ciebie. | B) Po skończyć pracę zadzwonię do ciebie. | C) Po tym skończę pracę, zadzwonię do ciebie. | D) Po pracy skończonej zadzwonię do ciebie.","A"
"B1_TRANSFORMACJE_009","Transformacje — zdanie z przymiotnikiem → z rzeczownikiem","high","Zdanie ""Ten film jest bardzo interesujący"" można przekształcić na zdanie z rzeczownikiem:","A) Ten film ma dużo interesowania. | B) Ten film budzi duże zainteresowanie. | C) Ten film jest z interesem. | D) Ten film interesuje bardzo.","B"
"B1_TRANSFORMACJE_010","Transformacje — zdanie twierdzące → pytanie z ""czy""","high","Zdanie ""On lubi kawę"" w formie pytania pośredniego (po ""Nie wiem..."") to:","A) Nie wiem, on lubi kawę? | B) Nie wiem, czy on lubi kawę. | C) Nie wiem, że on lubi kawę. | D) Nie wiem, lub on lubi kawę.","B"
"B1_TRANSFORMACJE_011","Transformacje — zdanie z ""można"" → zdanie z ""da się""","high","Która forma jest BŁĘDNA jako transformacja zdania ""Można to naprawić""?","A) Da się to naprawić. | B) To da się naprawić. | C) To daje się naprawić. | D) To się da naprawić.","C"
"B1_TRANSFORMACJE_012","Transformacje — zdanie przyczynowe → zdanie skutkowe","high","Zdanie ""Ponieważ padał deszcz, zostaliśmy w domu"" można przekształcić na:","A) Zostaliśmy w domu, dlatego padał deszcz. | B) Padał deszcz, więc zostaliśmy w domu. | C) Padał deszcz, bo zostaliśmy w domu. | D) Padał deszcz, żeby zostać w domu.","B"
"B1_TRANSFORMACJE_013","Transformacje — zdanie z ""chociaż"" → zdanie z ""mimo że"" (z użyciem spójnika)","high","Zdanie ""Chociaż był zmęczony, poszedł na trening"" można przekształcić NA ZDANIE ZE SPÓJNIKIEM:","A) Mimo był zmęczony, poszedł na trening. | B) Mimo to zmęczony, poszedł na trening. | C) Mimo tego był zmęczony, poszedł na trening. | D) Mimo że był zmęczony, poszedł na trening.","D"
"B1_TRANSFORMACJE_014","Transformacje — strona bierna → strona czynna","high","Zdanie ""List został wysłany przez sekretarkę"" w stronie czynnej to:","A) Sekretarka została wysłana listem. | B) List wysłał sekretarkę. | C) Sekretarka wysłała list. | D) Sekretarka wysyłała list.","C"
"B1_TRANSFORMACJE_015","Transformacje — zdanie z ""zanim"" → zdanie z ""przed""","high","Zdanie ""Zanim wyszedłem, sprawdziłem pogodę"" można przekształcić na:","A) Przed wyszedłem sprawdziłem pogodę. | B) Przed wyjściem sprawdziłem pogodę. | C) Przed tym wyszedłem, sprawdziłem pogodę. | D) Przed wychodzeniem sprawdziłem pogodę.","B"
"B1_TRANSFORMACJE_016","Transformacje — zdanie z przymiotnikiem → zdanie z przysłówkiem","high","Zdanie ""Jego odpowiedź była szybka"" można przekształcić na:","A) On odpowiedział szybko. | B) On odpowiedział szybki. | C) On szybko był odpowiedź. | D) On odpowiadał szybką.","A"
"B1_TRANSFORMACJE_017","Transformacje — zdanie z ""nie tylko... ale też"" → zdanie z ""zarówno... jak i""","high","Zdanie ""Mówi nie tylko po polsku, ale też po angielsku"" można przekształcić na:","A) Mówi zarówno po polsku, oraz po angielsku. | B) Mówi zarówno po polsku, ale i po angielsku. | C) Mówi zarówno po polsku, jak i po angielsku. | D) Mówi zarówno po polsku, a także po angielsku.","C"
"B1_TRANSFORMACJE_018","Transformacje — zdanie z ""coraz"" → zdanie ze stopniem wyższym","high","Zdanie ""Dni stają się coraz krótsze"" można przekształcić na:","A) Dni są najkrótsze. | B) Dni stają się krótkie. | C) Dni są bardziej krótsze. | D) Dni są krótsze i krótsze.","D"
"B1_TRANSFORMACJE_019","Transformacje — zdanie z ""ktoś"" → zdanie bezosobowe (-no/-to)","high","Która forma jest poprawną konstrukcją bezosobową na -no/-to dla zdania ""Ktoś ukradł mój rower""?","A) Mój rower został ukradziony. | B) Ukradziono mój rower. | C) Mój rower ukradł się. | D) Mój rower się ukradł.","B"
"B1_TRANSFORMACJE_020","Transformacje — zdanie z ""tak... że"" → zdanie z ""zbyt... żeby""","high","Zdanie ""Jest tak zmęczony, że nie może pracować"" można przekształcić na:","A) Jest zbyt zmęczony, żeby pracować. | B) Jest zbyt zmęczony, żeby nie pracować. | C) Jest za zmęczony, że pracować. | D) Jest zbyt zmęczony, aby nie pracować.","A"
"B1_STOPNIOWANIE_001","Stopniowanie — nieregularne przymiotniki (dobry → lepszy)","high","Ten film jest _______ od poprzedniego.","A) dobrzejszy | B) lepszy | C) bardziej dobry | D) lepiej","B"
"B1_STOPNIOWANIE_002","Stopniowanie — nieregularne przysłówki (dobrze → lepiej)","high","Dzisiaj czuję się _______ niż wczoraj.","A) lepszy | B) dobrziej | C) bardziej dobrze | D) lepiej","D"
"B1_STOPNIOWANIE_003","Stopniowanie — przymiotniki z ""bardziej"" (interesujący)","high","Ta książka jest _______ od tamtej.","A) interesująciejsza | B) interesującsza | C) bardziej interesująca | D) więcej interesująca","C"
"B1_STOPNIOWANIE_004","Stopniowanie — stopień najwyższy z ""ze wszystkich""","high","Ona jest _______ studentką ze wszystkich.","A) lepszą | B) najlepszy | C) najlepsza | D) najlepszą","D"
"B1_STOPNIOWANIE_005","Stopniowanie — nieregularne (mały → mniejszy)","high","Moje mieszkanie jest _______ od twojego.","A) mniejsze | B) małsze | C) bardziej małe | D) mniej","A"
"B1_STOPNIOWANIE_006","Stopniowanie — przysłówki z ""bardziej"" (elegancko)","high","Ona ubiera się _______ niż jej siostra.","A) eleganckiej | B) bardziej elegancko | C) elegancziej | D) więcej elegancko","B"
"B1_STOPNIOWANIE_007","Stopniowanie — regularne przymiotniki (młody → młodszy)","high","Mój brat jest _______ ode mnie o trzy lata.","A) młodniejszy | B) bardziej młody | C) młodszy | D) młodziej","C"
"B1_STOPNIOWANIE_008","Stopniowanie — stopień najwyższy przysłówka (szybko)","high","Z całej klasy on biega _______.","A) najszybszy | B) szybciej | C) najbardziej szybko | D) najszybciej","D"
"B1_STOPNIOWANIE_009","Stopniowanie — nieregularne (zły → gorszy)","high","Pogoda dzisiaj jest _______ niż wczoraj.","A) zlejsza | B) gorsza | C) bardziej zła | D) źlej","B"
"B1_STOPNIOWANIE_010","Stopniowanie — przymiotnik vs przysłówek (wysoki/wysoko)","high","Ten budynek jest _______ od tamtego.","A) wyżej | B) wysoczejszy | C) wyższy | D) bardziej wysoki","C"
"B1_STOPNIOWANIE_011","Stopniowanie — nieregularne: dużo → więcej → najwięcej","high","W tym roku mamy _______ śniegu niż w zeszłym.","A) bardziej więcej | B) więcej | C) najwięcej | D) bardziej dużo","B"
"B1_STOPNIOWANIE_012","Stopniowanie — nieregularne przysłówki: daleko → dalej → najdalej","high","Mieszkam _______ od centrum niż moja siostra.","A) daleko | B) najdalej | C) bardziej daleko | D) dalej","D"
"B1_STOPNIOWANIE_013","Stopniowanie — przymiotnik w dopełniaczu: najwyższego vs najwyższy","high","To budynek _______ jakości w całym mieście.","A) najwyższy | B) najwyższa | C) najwyższej | D) najwyższą","C"
"B1_STOPNIOWANIE_014","Stopniowanie — coraz + wyższy stopień","high","Ceny mieszkań są _______.","A) coraz wyższe | B) coraz wysokie | C) coraz najwyższe | D) coraz najbardziej wysokie","A"
"B1_STOPNIOWANIE_015","Stopniowanie — im... tym + wyższy stopień","high","_______ więcej pracuję, tym jestem bardziej zmęczony.","A) Im | B) Jak | C) Kiedy | D) Że","A"
"B1_STOPNIOWANIE_016","Stopniowanie — jak najszybciej (możliwie najwyższy stopień)","high","Proszę przyjść _______.","A) szybko | B) jak najszybciej | C) szybciej | D) bardzo szybko","B"
"B1_STOPNIOWANIE_017","Stopniowanie — nieregularne: późno → później → najpóźniej","high","Wróciłem do domu _______ niż zwykle.","A) późno | B) najpóźniej | C) bardziej późno | D) później","D"
"B1_STOPNIOWANIE_018","Stopniowanie — przymiotnik vs przysłówek: najlepszy vs najlepiej","high","Ten film podobał mi się _______ ze wszystkich.","A) najlepszy | B) lepiej | C) najlepiej | D) lepszy","C"
"B2_STOPNIOWANIE_001","Stopniowanie — absolutny stopień najwyższy (elativus)","very high","Byłem _______ zadowolony z wyniku egzaminu.","A) najbardziej | B) jak najbardziej | C) najzupełniej | D) bardziej","C"
"B2_STOPNIOWANIE_002","Stopniowanie — stopień wyższy z przyimkiem ""o"" (o ile więcej/mniej)","very high","Ta wersja programu jest _______ lepsza od poprzedniej.","A) dużo | B) znacznie | C) o wiele | D) wszystkie odpowiedzi są poprawne","D"
"B1_STOPNIOWANIE_019","Stopniowanie — nieregularne: blisko → bliżej → najbliżej","high","Nowy sklep jest _______ mojego domu niż stary.","A) blisko | B) najbliżej | C) bliżej | D) bardziej blisko","C"
"B1_STOPNIOWANIE_020","Stopniowanie — nieregularne: mało → mniej → najmniej","high","W tym roku zarobiłem _______ niż w zeszłym.","A) mało | B) mniej | C) najmniej | D) bardziej mało","B"
"B1_STOPNIOWANIE_021","Stopniowanie — regularne z alternacją: ciężki → cięższy","high","Ta walizka jest _______ od tamtej.","A) ciężka | B) cięższy | C) cięższa | D) najcięższa","C"
"B1_STOPNIOWANIE_022","Stopniowanie — regularne z alternacją: drogi → droższy","high","Benzyna jest teraz _______ niż rok temu.","A) droga | B) droższa | C) najdroższa | D) bardziej droga","B"
"B1_STOPNIOWANIE_023","Stopniowanie — nieregularne: szeroki → szerszy (nie ""szerokszy"")","high","Ta rzeka jest _______ od tamtej.","A) szeroka | B) szerokszy | C) szersza | D) najszersza","C"
"B1_STOPNIOWANIE_024","Stopniowanie — nieregularne: lekki → lżejszy (nie ""lekkszy"")","high","Ten laptop jest _______ od mojego starego komputera.","A) lekki | B) lekkszy | C) najlżejszy | D) lżejszy","D"
"B1_STOPNIOWANIE_025","Stopniowanie — tak samo... jak (równość, nie porównanie)","high","Mój brat jest _______ wysoki jak ja.","A) tak samo | B) bardziej | C) więcej | D) najbardziej","A"
"B1_STOPNIOWANIE_026","Stopniowanie — mniej + przymiotnik (stopień niższy)","high","Ta książka jest _______ interesująca niż tamta.","A) mniej | B) więcej | C) najmniej | D) bardziej","A"
"B2_STOPNIOWANIE_003","Stopniowanie — stopień wyższy z ""od"" vs ""niż"" (różnice stylistyczne)","very high","Która forma jest stylistycznie NAJBARDZIEJ formalna?","A) Jest mądrzejszy niż brat. | B) Jest mądrzejszy od brata. | C) Jest bardziej mądry niż brat. | D) Jest bardziej mądry od brata.","B"
"B2_STOPNIOWANIE_004","Stopniowanie — przymiotniki niestopniowalne (absolutne)","very high","Które zdanie jest NIEPOPRAWNE?","A) Ta sukienka jest bardziej czerwona. | B) Ten kształt jest bardziej okrągły. | C) Ta odpowiedź jest bardziej poprawna. | D) Ten metal jest bardziej żelazny.","D"
"B1_ZAIMKI_PYT_001","Zaimki pytające — kogo vs czego (dopełniacz)","high","_______ się boisz?","A) Kto | B) Czego | C) Co | D) Kogo","B"
"B1_ZAIMKI_PYT_002","Zaimki pytające — komu vs czemu (celownik)","high","_______ zawdzięczasz swój sukces?","A) Komu | B) Kto | C) Czemu | D) Co","A"
"B1_ZAIMKI_PYT_003","Zaimki pytające — z kim vs z czym (narzędnik)","high","_______ rozmawiałeś przez telefon?","A) Z kim | B) Z czym | C) Kogo | D) O czym","A"
"B1_ZAIMKI_PYT_004","Zaimki pytające — o kim vs o czym (miejscownik)","high","_______ myślisz?","A) Co | B) O kim | C) Kogo | D) O czym","D"
"B1_ZAIMKI_PYT_005","Zaimki pytające — jaki vs który vs co za (wybór)","high","_______ to jest samochód? — To jest Volkswagen.","A) Który | B) Co za | C) Jaki | D) Jakiego","C"
"B1_ZAIMKI_PYT_006","Zaimki pytające — czyj vs kogo (przynależność)","high","_______ to jest torebka?","A) Kogo | B) Która | C) Jaka | D) Czyja","D"
"B1_ZAIMKI_PYT_007","Zaimki pytające — ile vs ilu (liczebniki pytające)","high","_______ studentów zdało egzamin?","A) Ile | B) Który | C) Ilu | D) Ile z","C"
"B1_ZAIMKI_PYT_008","Zaimki pytające — dokąd vs gdzie vs skąd (kierunek)","high","_______ jedziesz na wakacje?","A) Gdzie | B) Dokąd | C) Skąd | D) Którędy","B"
"B2_ZAIMKI_PYT_001","Zaimki pytające — pytania zależne (szyk zdania)","very high","Nie wiem, _______.","A) co on chce | B) co chce on | C) on co chce | D) chce co on","A"
"B2_ZAIMKI_PYT_002","Zaimki pytające — cokolwiek vs ktokolwiek vs jakikolwiek","very high","Zrobię _______, co będzie potrzebne, żeby ci pomóc.","A) cokolwiek | B) ktokolwiek | C) coś | D) wszystko","D"
"B1_ZAIMKI_PYT_009","Zaimki pytające — na kogo vs za kogo (biernik z przyimkiem)","high","_______ głosujesz w wyborach?","A) Kogo | B) Za kogo | C) O kogo | D) Na kogo","D"
"B1_ZAIMKI_PYT_010","Zaimki pytające — od kiedy vs do kiedy vs jak długo","high","_______ uczysz się polskiego?","A) Kiedy | B) Od kiedy | C) Do kiedy | D) Jak długo","B"
"B1_ZAIMKI_PYT_011","Zaimki pytające — po co vs dlaczego vs na co (cel)","high","_______ kupiłeś tyle jedzenia?","A) Po co | B) Dlaczego | C) Na co | D) Czemu","A"
"B1_ZAIMKI_PYT_012","Zaimki pytające — czym vs z czym vs na czym (narzędnik)","high","_______ przyjechałeś do pracy?","A) Z czym | B) Na czym | C) Czym | D) W czym","C"
"B1_ZAIMKI_PYT_013","Zaimki pytające — jakiego vs którego (dopełniacz)","high","_______ koloru jest twój nowy samochód?","A) Jaki | B) Który | C) Jakiego | D) Którego","C"
"B1_ZAIMKI_PYT_014","Zaimki pytające — czyim vs czyją vs czyjego (odmiana)","high","_______ samochodem przyjechałeś?","A) Czyj | B) Czyim | C) Czyjego | D) Czyją","B"
"B1_ZAIMKI_PYT_015","Zaimki pytające — w jakim vs na jakim (miejscownik)","high","_______ języku mówisz w domu?","A) Jaki | B) W jakim | C) Na jakim | D) Jakiego","B"
"B1_ZAIMKI_PYT_016","Zaimki pytające — dla kogo vs komu (cel vs odbiorca)","high","_______ kupujesz ten prezent?","A) Komu | B) Kogo | C) Do kogo | D) Dla kogo","D"
"B2_ZAIMKI_PYT_003","Zaimki pytające — czemu vs dlaczego (rejestr językowy)","very high","Która forma jest bardziej typowa dla języka mówionego?
""Nie rozumiem, _______ się tak denerwujesz.""","A) co | B) czego | C) czemu | D) dlaczego","C"
"B2_ZAIMKI_PYT_004","Zaimki pytające — zaimki nieokreślone (ktoś vs ktokolwiek)","very high","Jeśli _______ z biura zadzwoni, powiedz, że wracam za godzinę.","A) ktoś | B) ktokolwiek | C) każdy | D) nikt","A"
"B1_ZAIMKI_PYT_017","Zaimki pytające — przed kim vs przed czym (narzędnik z przyimkiem)","high","_______ uciekasz?","A) Od kogo | B) Z kim | C) Za kim | D) Przed kim","D"
"B1_ZAIMKI_PYT_018","Zaimki pytające — u kogo vs do kogo (miejscownik vs kierunek)","high","_______ byłeś wczoraj wieczorem?","A) Do kogo | B) U kogo | C) Z kim | D) Kogo","B"
"B1_ZAIMKI_PYT_019","Zaimki pytające — po kim vs po czym (miejscownik z ""po"")","high","_______ odziedziczyłeś ten zegarek?","A) Od kogo | B) Z kim | C) Po kim | D) Dla kogo","C"
"B1_ZAIMKI_PYT_020","Zaimki pytające — między kim vs między czym (narzędnik z ""między"")","high","_______ musisz wybierać?","A) Między kim | B) Z kim | C) Od kogo | D) Kogo","A"
"B1_ZAIMKI_PYT_021","Zaimki pytające — na ile vs ile (ocena)","high","_______ oceniasz swoje szanse?","A) Ile | B) Jak | C) Na ile | D) Jakie","C"
"B1_ZAIMKI_PYT_022","Zaimki pytające — o której vs kiedy (czas)","high","_______ godzinie zaczyna się film?","A) Kiedy | B) Która | C) Jakiej | D) O której","D"
"B1_ZAIMKI_PYT_023","Zaimki pytające — za ile vs ile (cena)","high","_______ kupiłeś ten telefon?","A) Ile | B) Za ile | C) Na ile | D) Po ile","B"
"B1_ZAIMKI_PYT_024","Zaimki pytające — w czyim vs czyim (miejscownik)","high","_______ domu mieszkasz?","A) Czyj | B) Czyjego | C) W czyim | D) Czyim","C"
"B2_ZAIMKI_PYT_005","Zaimki pytające — zaimki względne w zdaniach złożonych","very high","To jest człowiek, _______ zawdzięczam wszystko.","A) który | B) któremu | C) którego | D) z którym","B"
"B2_ZAIMKI_PYT_006","Zaimki pytające — zaimki nieokreślone z ""-ś"" vs ""-kolwiek""","very high","Która forma oznacza osobę konkretną, choć nieznaną?
""Szukam _______, kto mógłby mi pomóc.""","A) kogoś | B) kogokolwiek | C) nikogo | D) każdego","A"
"B1_LICZEBNIKI_031","Liczebniki główne — męskoosobowe vs niemęskoosobowe (2-4)","high","W pokoju siedzi _______ studentów.","A) dwa | B) dwaj | C) dwie | D) dwóch","D"
"B1_LICZEBNIKI_032","Liczebniki główne — forma rzeczownika po 5+","high","Na przyjęciu było _______ gości.","A) pięciu | B) pięć | C) pięcioro | D) piąty","A"
"B1_LICZEBNIKI_033","Liczebniki zbiorowe — dzieci, osoby mieszane","high","W rodzinie jest _______ dzieci.","A) trzy | B) trzech | C) troje | D) trzej","C"
"B1_LICZEBNIKI_034","Liczebniki porządkowe — odmiana (miejscownik)","high","Mieszkam na _______ piętrze.","A) trzecim | B) trzeci | C) trzeciego | D) trzecia","A"
"B1_LICZEBNIKI_035","Liczebniki główne — odmiana w celowniku","high","Dałem prezenty _______ kolegom.","A) trzech | B) trzy | C) trzema | D) trzem","D"
"B1_LICZEBNIKI_036","Liczebniki główne — odmiana w narzędniku","high","Pojechałem na wycieczkę z _______ przyjaciółmi.","A) czterech | B) czterem | C) czterema | D) cztery","C"
"B1_LICZEBNIKI_037","Liczebniki — tysiąc, milion (forma rzeczownika)","high","W mieście mieszka milion _______.","A) ludzie | B) ludzi | C) ludziom | D) ludziach","B"
"B1_LICZEBNIKI_038","Liczebniki — ułamki (pół, półtora)","high","Czekałem _______ godziny.","A) pół | B) półtora | C) półtorej | D) połowę","C"
"B2_LICZEBNIKI_005","Liczebniki — złożone formy (dwudziestu trzech)","very high","Na konferencji wystąpiło _______ prelegentów.","A) dwadzieścia trzy | B) dwudziestu trzech | C) dwadzieścia trzech | D) dwudziestu trzy","B"
"B2_LICZEBNIKI_006","Liczebniki — obaj/obydwaj vs oba/obydwa","very high","_______ bracia studiują medycynę.","A) Oba | B) Obie | C) Oboje | D) Obaj","D"
"B1_LICZEBNIKI_039","Liczebniki — rok (w którym roku)","high","Urodziłem się w _______ roku.","A) tysiąc dziewięćset dziewięćdziesiąty | B) tysiąc dziewięćset dziewięćdziesiątym | C) tysiąc dziewięćset dziewięćdziesiąt | D) tysiącu dziewięćset dziewięćdziesiątym","D"
"B1_LICZEBNIKI_040","Liczebniki — data (którego)","high","Spotkanie odbędzie się _______ maja.","A) piąty | B) piątego | C) piąte | D) piątemu","B"
"B1_LICZEBNIKI_041","Liczebniki — godzina (o której)","high","Pociąg odjeżdża o _______.","A) piętnaście trzydzieści | B) piętnastej trzydzieści | C) piętnaście i trzydzieści | D) godzina piętnasta trzydzieści","B"
"B1_LICZEBNIKI_042","Liczebniki — wiek (ile lat)","high","Moja babcia ma _______ lat.","A) siedemdziesiąt pięć | B) siedemdziesiąciu pięciu | C) siedemdziesiąt piąty | D) siedemdziesięciopięcioletni","A"
"B1_LICZEBNIKI_043","Liczebniki — cena (za ile złotych)","high","Kupiłem tę książkę za _______ złotych.","A) czterdzieści dwa | B) czterdziestu dwóch | C) czterdzieści dwóch | D) czterdzieści druga","A"
"B1_LICZEBNIKI_044","Liczebniki — procent (ile procent)","high","_______ ankietowanych popiera tę decyzję.","A) Sześćdziesięciu procent | B) Sześćdziesiąt procentów | C) Sześćdziesiąt procent | D) Sześćdziesiąty procent","C"
"B1_LICZEBNIKI_045","Liczebniki — temperatura (ile stopni)","high","Na zewnątrz jest minus _______ stopni.","A) piętnastu | B) piętnasty | C) piętnastego | D) piętnaście","D"
"B1_LICZEBNIKI_046","Liczebniki — wielokrotne (dwa razy, trzykrotnie)","high","Byłem w Paryżu _______.","A) trzy razy | B) trzech razów | C) trzykrotny | D) po trzy razy","A"
"B2_LICZEBNIKI_007","Liczebniki — ułamki dziesiętne (oficjalny zapis)","very high","Która forma jest poprawna w oficjalnym dokumencie?
""Średnia ocen wynosi _______.""","A) trzy i pół | B) trzy przecinek pięć | C) trzy pięć | D) trzech przecinek pięciu","B"
"B2_LICZEBNIKI_008","Liczebniki — nieokreślone (kilka vs kilkoro vs kilku)","very high","W parku bawiło się _______ dzieci.","A) kilka | B) kilku | C) kilkoro | D) kilkanaście","C"
"B1_PRZYIMKI_007","Przyimki — do vs na (kierunek)","high","Idę _______ pocztę.","A) do | B) w | C) ku | D) na","D"
"B1_PRZYIMKI_008","Przyimki — w vs na (miejsce)","high","Spotkajmy się _______ dworcu.","A) na | B) w | C) przy | D) u","A"
"B1_PRZYIMKI_009","Przyimki — z vs od (źródło)","high","Dostałem list _______ przyjaciela.","A) z | B) od | C) u | D) przez","B"
"B1_PRZYIMKI_010","Przyimki — przez vs dla (cel/przyczyna)","high","Zrobiłem to _______ ciebie.","A) przez | B) dla | C) za | D) od","B"
"B1_PRZYIMKI_011","Przyimki — za vs w (czas)","high","Wrócę _______ godzinę.","A) w | B) po | C) przez | D) za","D"
"B1_PRZYIMKI_012","Przyimki — o vs na (temat)","high","Rozmawialiśmy _______ polityce.","A) na | B) o | C) w | D) z","B"
"B1_PRZYIMKI_013","Przyimki — przed vs za (położenie)","high","Samochód stoi tuż _______ wejściem do domu.","A) przed | B) za | C) przy | D) nad","A"
"B1_PRZYIMKI_014","Przyimki — mimo vs pomimo (przyzwolenie)","high","_______ deszczu poszliśmy na spacer.","A) Przez | B) Z powodu | C) Mimo | D) Wbrew","C"
"B2_PRZYIMKI_005","Przyimki — złożone (ze względu na, w związku z)","very high","_______ trudną sytuację finansową firma musiała zwolnić pracowników.","A) Ze względu na | B) W związku z | C) Z powodu | D) Dzięki","A"
"B2_PRZYIMKI_006","Przyimki — wzdłuż vs wokół vs poprzez","very high","Szliśmy _______ rzeki, podziwiając krajobraz.","A) poprzez | B) wokół | C) wzdłuż | D) przez","C"
"B1_PRZYIMKI_015","Przyimki — pod vs nad (położenie)","high","Lampa wisi _______ stołem.","A) pod | B) przy | C) nad | D) za","C"
"B1_PRZYIMKI_016","Przyimki — między vs wśród (położenie)","high","Usiadłem _______ dwoma kolegami.","A) wśród | B) między | C) pośród | D) przy","B"
"B1_PRZYIMKI_017","Przyimki — obok vs naprzeciwko (położenie)","high","Sklep znajduje się _______ banku, po drugiej stronie ulicy.","A) naprzeciwko | B) obok | C) koło | D) przy","A"
"B1_PRZYIMKI_018","Przyimki — wewnątrz vs na zewnątrz","high","Zostawiliśmy bagaże _______ samochodu.","A) na zewnątrz | B) obok | C) wewnątrz | D) przy","C"
"B1_PRZYIMKI_019","Przyimki — dzięki vs z powodu (przyczyna)","high","_______ twojej pomocy udało mi się zdać egzamin.","A) Z powodu | B) Dzięki | C) Przez | D) Wskutek","B"
"B1_PRZYIMKI_020","Przyimki — według vs wbrew","high","_______ przepisom nie wolno tu parkować.","A) Według | B) Wbrew | C) Zdaniem | D) Dzięki","A"
"B1_PRZYIMKI_021","Przyimki — bez vs oprócz vs poza","high","Który przyimek jest najbardziej neutralny w języku codziennym?
""Wszyscy przyszli _______ Marka.""","A) bez | B) oprócz | C) poza | D) mimo","B"
"B1_PRZYIMKI_022","Przyimki — zamiast vs w miejsce","high","_______ kawy wypiję herbatę.","A) Zamiast | B) W miejsce | C) Na miejsce | D) Zamiast i w miejsce","A"
"B2_PRZYIMKI_007","Przyimki — celem vs w celu vs dla","very high","_______ uzyskania wizy należy złożyć wniosek.","A) Dla | B) W celu | C) Celem | D) B i C są poprawne","D"
"B2_PRZYIMKI_008","Przyimki — wobec vs względem vs w stosunku do","very high","Jego zachowanie _______ rodziców było nieodpowiednie.","A) wobec | B) względem | C) w stosunku do | D) Wszystkie są poprawne","D"
"B1_SPOJNIKI_005","Spójniki — żeby vs że (cel vs treść)","high","Chcę, _______ mi pomogła.","A) żebyś | B) że | C) żeby | D) aby","A"
"B1_SPOJNIKI_006","Spójniki — chociaż vs choć (przyzwolenie)","high","Która forma jest bardziej potoczna?
""_______ padał deszcz, poszliśmy na spacer.""","A) Chociaż | B) Mimo że | C) Choć | D) Pomimo że","C"
"B1_SPOJNIKI_007","Spójniki — bo vs ponieważ vs dlatego że (przyczyna)","high","Nie poszedłem na imprezę, _______ byłem chory.","A) bo | B) ponieważ | C) dlatego że | D) A, B i C są poprawne","D"
"B1_SPOJNIKI_008","Spójniki — więc vs dlatego vs zatem (skutek)","high","Byłem zmęczony, _______ poszedłem spać wcześniej.","A) więc | B) dlatego | C) zatem | D) A, B i C są poprawne","D"
"B1_SPOJNIKI_009","Spójniki — jeśli vs jeżeli vs gdy (warunek)","high","_______ będziesz miał czas, zadzwoń do mnie.","A) Jeśli | B) Jeżeli | C) Gdy | D) Wszystkie są poprawne","D"
"B1_SPOJNIKI_010","Spójniki — ani...ani vs albo...albo vs czy...czy","high","Nie lubię _______ kawy, _______ herbaty.","A) albo...albo | B) czy...czy | C) ani...ani | D) lub...lub","C"
"B1_SPOJNIKI_011","Spójniki — zarówno...jak i vs nie tylko...ale też","high","_______ Marek, _______ Anna zdali egzamin.","A) Nie tylko...ale też | B) Zarówno...jak i | C) Czy...czy | D) Albo...albo","B"
"B1_SPOJNIKI_012","Spójniki — dopóki vs zanim vs nim (czas)","high","_______ nie skończysz pracy, nie wyjdziesz.","A) Zanim | B) Dopóki | C) Nim | D) Kiedy","B"
"B2_SPOJNIKI_003","Spójniki — o ile vs pod warunkiem że vs chyba że","very high","Które spójniki wyrażają WARUNEK POZYTYWNY?
""Przyjdę na spotkanie, _______ nie będę musiał pracować.""","A) o ile | B) pod warunkiem że | C) jeśli tylko | D) A i B są poprawne","D"
"B2_SPOJNIKI_004","Spójniki — aczkolwiek vs niemniej jednak","very high","Która forma jest typowym spójnikiem zdaniowym W TEJ POZYCJI (po przecinku)?
""Projekt był trudny, _______ udało nam się go ukończyć na czas.""","A) aczkolwiek | B) jakkolwiek | C) niemniej jednak | D) choć","C"
"B1_ZWROTNE_001","Czasowniki zwrotne — się vs siebie (akcentowane)","high","Ona kocha tylko _______.","A) siebie | B) się | C) sobie | D) sobą","A"
"B1_ZWROTNE_002","Czasowniki zwrotne — się vs sobie (biernik vs celownik)","high","Kupiłem _______ nowy telefon.","A) się | B) sobie | C) siebie | D) sobą","B"
"B1_ZWROTNE_003","Czasowniki zwrotne — pozycja się w zdaniu","high","Gdzie znajduje się najbliższa apteka?
Która pozycja ""się"" jest poprawna w tym zdaniu?","A) Gdzie się znajduje najbliższa apteka? | B) Gdzie znajduje się najbliższa apteka? | C) Obie pozycje (A i B) są poprawne | D) Żadna z powyższych","C"
"B1_ZWROTNE_004","Czasowniki zwrotne — czasowniki obligatoryjnie zwrotne","high","Który czasownik NIE istnieje bez ""się""?","A) myć (myć się) | B) ubierać (ubierać się) | C) czesać (czesać się) | D) bać (bać się)","D"
"B1_ZWROTNE_005","Czasowniki zwrotne — znaczenie wzajemne","high","Oni _______ od trzech lat. (= są w związku)","A) kochają się | B) kochają siebie | C) kochają sobie | D) kochają sobą","A"
"B1_ZWROTNE_006","Czasowniki zwrotne — się z przyimkiem","high","Martwię się _______ ciebie.","A) za | B) na | C) o | D) od","C"
"B1_ZWROTNE_007","Czasowniki zwrotne — zmiana znaczenia z się","high","""Uczyć"" vs ""uczyć się"" — jaka jest różnica?","A) Brak różnicy, formy zamienne | B) ""uczyć"" = nauczać kogoś, ""uczyć się"" = zdobywać wiedzę | C) ""uczyć"" = zdobywać wiedzę, ""uczyć się"" = nauczać kogoś | D) Obie formy oznaczają ""nauczać kogoś""","B"
"B1_ZWROTNE_008","Czasowniki zwrotne — się w stronie biernej","high","Tu _______ po polsku.","A) mówi się | B) mówi siebie | C) mówi sobie | D) mówi sobą","A"
"B2_ZWROTNE_001","Czasowniki zwrotne — się vs siebie nawzajem (precyzja)","very high","Która forma jednoznacznie wyraża znaczenie WZAJEMNE (nie zwrotne)?
„Oni nienawidzą _______.""","A) się | B) siebie nawzajem | C) siebie | D) A i B są poprawne, ale B jest jednoznaczne","B"
"B2_ZWROTNE_002","Czasowniki zwrotne — pozycja się w zdaniach złożonych","very high","Która pozycja ""się"" jest NIEPOPRAWNA w zdaniu złożonym?","A) Chcę, żeby on się nauczył. | B) Chcę, żeby się on nauczył. | C) Chcę się, żeby on nauczył. | D) Wszystkie są poprawne","C"
"B1_ZWROTNE_011","Czasowniki zwrotne — rekcja z przyimkiem","high","Interesuję się _______ polską.","A) historią | B) historia | C) historii | D) historiom","A"
"B1_ZWROTNE_012","Czasowniki zwrotne — rekcja z przyimkiem","high","Cieszę się _______ spotkania z tobą.","A) na | B) do | C) z | D) o","C"
"B1_ZWROTNE_013","Czasowniki zwrotne — idiomatyczne","high","Co oznacza ""podobać się""?","A) Być podobnym do kogoś | B) Sprawiać wrażenie atrakcyjności | C) Udawać kogoś | D) Porównywać się z kimś","B"
"B1_ZWROTNE_014","Czasowniki zwrotne — zmiana znaczenia","high","Jaka jest różnica między ""zgodzić"" a ""zgodzić się""?","A) Brak różnicy | B) ""zgodzić"" = wyrazić zgodę, ""zgodzić się"" = być zgodnym | C) ""zgodzić"" nie istnieje samodzielnie | D) ""zgodzić"" = pogodzić kogoś, ""zgodzić się"" = wyrazić zgodę","D"
"B1_ZWROTNE_015","Czasowniki zwrotne — aspekt","high","Która forma jest DOKONANA?","A) myć się | B) umyć się | C) mycie się | D) myjąc się","B"
"B1_ZWROTNE_016","Czasowniki zwrotne — konstrukcje modalne","high","Chce mi się spać.
Co oznacza ""chce mi się""?","A) Ja chcę | B) Ktoś chce, żebym ja... | C) Muszę | D) Mam ochotę / Odczuwam potrzebę","D"
"B1_ZWROTNE_017","Czasowniki zwrotne — rekcja","high","Boję się _______.","A) pająków | B) pająki | C) pająkom | D) pająkami","A"
"B1_ZWROTNE_018","Czasowniki zwrotne — pozycja się z przeczeniem","high","Która forma jest STANDARDOWA w języku pisanym?","A) Nie myję się rano. | B) Nie się myję rano. | C) Myję nie się rano. | D) Się nie myję rano.","A"
"B2_ZWROTNE_003","Czasowniki zwrotne — się w konstrukcjach z bezokolicznikiem","very high","Która pozycja ""się"" jest poprawna?
„Nie mogę _______ zdecydować.""","A) Nie mogę się zdecydować. | B) Nie mogę zdecydować się. | C) Nie się mogę zdecydować. | D) A i B są poprawne","D"
"B2_ZWROTNE_004","Czasowniki zwrotne — się vs siebie w emfazie","very high","Która forma wyraża EMFAZĘ (nacisk)?
„Widzę _______ w lustrze.""","A) się | B) siebie | C) sobie | D) A i B są poprawne, ale B wyraża emfazę","D"
"B1_ROZKAZ_001","Tryb rozkazujący — tworzenie (koniugacja I)","high","Jaka jest forma rozkazująca 2. os. l.poj. od ""pisać""?","A) piszę | B) pisz | C) piszaj | D) pisaj","B"
"B1_ROZKAZ_002","Tryb rozkazujący — formy nieregularne","high","Jaka jest forma rozkazująca 2. os. l.poj. od ""być""?","A) bądź | B) będź | C) byj | D) bywaj","A"
"B1_ROZKAZ_003","Tryb rozkazujący — formy nieregularne","high","Jaka jest forma rozkazująca 2. os. l.poj. od ""mieć""?","A) masz | B) mij | C) miej | D) miejaj","C"
"B1_ROZKAZ_004","Tryb rozkazujący — formy grzecznościowe","high","Jak grzecznie poprosić kogoś starszego, żeby usiadł?","A) Usiądź! | B) Siadaj! | C) Siądź! | D) Niech Pan siada / Proszę usiąść","D"
"B1_ROZKAZ_005","Tryb rozkazujący — przeczenie","high","Jak powiedzieć ""Nie rób tego!"" po polsku?
Który aspekt używamy w przeczeniu?","A) Nie zrób tego! (dokonany) | B) Nie rób tego! (niedokonany) | C) Oba są poprawne | D) Żaden nie jest poprawny","B"
"B1_ROZKAZ_006","Tryb rozkazujący — tworzenie (koniugacja II)","high","Jaka jest forma rozkazująca 2. os. l.poj. od ""mówić""?","A) mówij | B) mówisz | C) mów | D) mówiaj","C"
"B1_ROZKAZ_007","Tryb rozkazujący — formy nieregularne","high","Jaka jest forma rozkazująca 2. os. l.poj. od ""jeść""?","A) jedz | B) jesz | C) jedzij | D) jedzaj","A"
"B1_ROZKAZ_008","Tryb rozkazujący — aspekt w rozkazie pozytywnym","high","Który aspekt jest typowy dla POZYTYWNEGO rozkazu jednorazowego?
„_______ to zrobić!"" (= zrób to teraz, raz)","A) Rób (niedokonany) | B) Robić (bezokolicznik) | C) Robienie (rzeczownik) | D) Zrób (dokonany)","D"
"B2_ROZKAZ_001","Tryb rozkazujący — niech w 3. osobie","very high","Jak wyrazić życzenie/rozkaz dla 3. osoby?
„_______ on to zrobi.""","A) Niech | B) Żeby | C) Że | D) Oby","A"
"B2_ROZKAZ_002","Tryb rozkazujący — formy archaiczne i literackie","very high","Która forma jest archaiczna/literacka?","A) Chodź! | B) Idź! | C) Pójdź! | D) Chodźże!","C"
"B1_WARUNK_001","Tryb warunkowy — tworzenie","high","Jaka jest forma trybu warunkowego 1. os. l.poj. od ""robić""?","A) robiłem by | B) robiłbym | C) robię by | D) robićbym","B"
"B1_WARUNK_002","Tryb warunkowy — końcówki osobowe","high","Uzupełnij: „Gdybyś _______, powiedziałbym ci.""
(wiedzieć, 2 os. l.poj., tryb warunkowy)","A) wiedział | B) wiedziałeś | C) wiedziałbyś | D) wiedziałabyś","A"
"B1_WARUNK_003","Tryb warunkowy — pozycja -by w zdaniu","high","Która forma jest poprawna?","A) Chciałbym, żebyś przyszedł. | B) Chciałbym, żeby przyszedłbyś. | C) Chciałbym, żebyś przyszedłbyś. | D) A i B są poprawne","A"
"B1_WARUNK_004","Tryb warunkowy — okresy warunkowe (realne)","high","Który okres warunkowy wyraża REALNY warunek?","A) Gdybym miał czas, poszedłbym do kina. | B) Gdybym był miał czas, byłbym poszedł do kina. | C) Jeśli będę miał czas, pójdę do kina. | D) Gdybym miał czas, pójdę do kina.","C"
"B1_WARUNK_005","Tryb warunkowy — gdyby vs jeśli","high","Jaka jest różnica między ""gdyby"" a ""jeśli""?","A) Gdyby = warunek nierealny, jeśli = warunek realny | B) Gdyby = warunek realny, jeśli = warunek nierealny | C) Brak różnicy, formy zamienne | D) Gdyby = przeszłość, jeśli = przyszłość","A"
"B1_WARUNK_006","Tryb warunkowy — końcówki w l.mn.","high","Jaka jest forma trybu warunkowego 1. os. l.mn. od ""iść""?","A) szliśmy by | B) szlibyśmy | C) poszlibyśmy | D) iśćbyśmy","B"
"B1_WARUNK_007","Tryb warunkowy — użycie grzecznościowe","high","Która forma jest GRZECZNIEJSZA?","A) Chcę kawę. | B) Chciałem kawę. | C) Chciałbym kawę. | D) Chcąc kawę.","C"
"B1_WARUNK_008","Tryb warunkowy — aspekt","high","Który aspekt jest typowy w trybie warunkowym dla wyrażenia JEDNORAZOWEJ czynności hipotetycznej?","A) Dokonany (np. zrobiłbym) | B) Niedokonany (np. robiłbym) | C) Oba są równie typowe | D) Żaden — tryb warunkowy nie ma aspektu","A"
"B2_WARUNK_001","Tryb warunkowy — okres nierealny przeszły","very high","Jak wyrazić warunek nierealny w PRZESZŁOŚCI?
„Gdybym _______ wcześniej, _______ zdążył na pociąg.""","A) wyszedł ... byłbym | B) wyszedłbym ... byłbym | C) był wyszedł ... byłbym | D) A i C są poprawne","D"
"B2_WARUNK_002","Tryb warunkowy — pozycja -by z zaimkami","very high","Która pozycja -by jest poprawna z zaimkiem?
„_______ to zrobił.""","A) Ja bym | B) Jabym | C) Bym ja | D) A i C są poprawne","D"
"B1_BIERNA_006","Strona bierna — tworzenie","high","Jak przekształcić na stronę bierną?
„Jan pisze list."" → „List _______ przez Jana.""","A) pisze | B) jest pisany | C) był pisany | D) pisany jest","B"
"B1_BIERNA_007","Strona bierna — imiesłów bierny (rodzaje)","high","Jaki jest imiesłów bierny od ""czytać"" w rodzaju żeńskim l.poj.?","A) czytana | B) czytany | C) czytane | D) czytani","A"
"B1_BIERNA_008","Strona bierna — czas przeszły","high","Jak przekształcić na stronę bierną w czasie przeszłym?
„Maria napisała raport."" → „Raport _______ przez Marię.""","A) jest napisany | B) był napisać | C) został napisany | D) napisany był","C"
"B1_BIERNA_009","Strona bierna — być vs zostać","high","Jaka jest różnica między ""jest zrobiony"" a ""został zrobiony""?","A) Brak różnicy | B) ""jest zrobiony"" = przyszłość, ""został zrobiony"" = przeszłość | C) ""jest zrobiony"" = stan, ""został zrobiony"" = czynność | D) ""jest zrobiony"" = niedokonany, ""został zrobiony"" = dokonany","C"
"B1_BIERNA_010","Strona bierna — czas przyszły","high","Jak przekształcić na stronę bierną w czasie przyszłym?
„Firma wybuduje dom."" → „Dom _______ przez firmę.""","A) jest wybudowany | B) był wybudowany | C) będzie wybudować | D) zostanie wybudowany","D"
"B1_BIERNA_011","Strona bierna — imiesłów bierny (tworzenie)","high","Jaki jest imiesłów bierny od ""kupić""?","A) kupiony | B) kupny | C) kupowany | D) kupić","A"
"B1_BIERNA_012","Strona bierna — użycie (kiedy?)","high","Kiedy używamy strony biernej?","A) Gdy chcemy podkreślić wykonawcę czynności | B) Gdy wykonawca jest nieznany lub nieistotny | C) Gdy chcemy skrócić zdanie | D) Strona bierna nie jest używana w polskim","B"
"B1_BIERNA_013","Strona bierna — transformacja","high","Przekształć na stronę czynną:
„Okno zostało otwarte przez Annę.""","A) Okno otworzyło Annę. | B) Anna otworzyła okno. | C) Okno się otworzyło. | D) Anna została otwarta przez okno.","B"
"B2_BIERNA_003","Strona bierna — bezosobowa forma","very high","Jaka jest bezosobowa forma bierna od ""mówić""?
„_______ po polsku.""","A) Mówi się | B) Jest mówione | C) Mówione jest | D) A i B są poprawne","D"
"B2_BIERNA_004","Strona bierna — imiesłów bierny nieregularny","very high","Jaki jest imiesłów bierny od ""wziąć""?","A) wziąty | B) wzięty | C) wzięta | D) brany","B"
"B1_ASPEKT_007","Aspekt czasownika — rozpoznawanie aspektu","high","Który czasownik jest NIEDOKONANY?","A) napisać | B) przeczytać | C) czytać | D) zrobić","C"
"B1_ASPEKT_008","Aspekt czasownika — pary aspektowe","high","Jaka jest para aspektowa dla ""pisać""?","A) napisać | B) przepisać | C) wypisać | D) zapisać","A"
"B1_ASPEKT_009","Aspekt czasownika — aspekt w czasie przeszłym","high","Wczoraj cały dzień _______ książkę.
(Która forma jest poprawna dla czynności trwającej?)","A) przeczytałem | B) czytałem | C) przeczytam | D) czytam","B"
"B1_ASPEKT_010","Aspekt czasownika — aspekt w czasie przyszłym","high","Jutro _______ ten raport do końca.
(Która forma wyraża zakończenie czynności?)","A) będę pisać | B) będę pisał | C) piszę | D) napiszę","D"
"B1_ASPEKT_011","Aspekt czasownika — prefiksy aspektowe","high","Który prefiks tworzy parę aspektową dla ""robić""?","A) z- (zrobić) | B) prze- (przerobić) | C) wy- (wyrobić) | D) do- (dorobić)","A"
"B1_ASPEKT_012","Aspekt czasownika — aspekt z przysłówkami częstotliwości","high","Codziennie _______ kawę rano.
(Która forma jest poprawna dla czynności powtarzającej się?)","A) wypiję | B) piję | C) napiję się | D) pijam","B"
"B1_ASPEKT_013","Aspekt czasownika — aspekt w przeczeniu","high","Nie _______ jeszcze tej książki.
(Która forma jest bardziej naturalna, gdy chodzi o brak doświadczenia?)","A) przeczytałem | B) czytam | C) czytałem | D) przeczytam","C"
"B1_ASPEKT_014","Aspekt czasownika — aspekt a kontekst","high","Kiedy _______ do domu, zadzwonię do ciebie.
(Która forma wyraża zakończenie czynności przed drugą czynnością?)","A) wrócę | B) wracam | C) będę wracać | D) wracałem","A"
"B2_ASPEKT_001","Aspekt czasownika — aspekt a modalność","very high","Która forma jest poprawna po ""musieć"" w znaczeniu ogólnym (powtarzającym się)?
„Codziennie muszę _______ do pracy.""","A) pojechać | B) jechać | C) jeździć | D) B i C są poprawne","C"
"B2_ASPEKT_002","Aspekt czasownika — aspekt w zdaniach warunkowych","very high","Która forma jest poprawna w zdaniu warunkowym nierealnym?
„Gdybym wczoraj _______ więcej, zdałbym egzamin.""","A) uczę się | B) uczyłem się | C) nauczyłem się | D) B i C są poprawne (z różnicą znaczeniową)","D"
"B1_ASPEKT_015","Aspekt czasownika — czasowniki ruchu","high","Jaka jest różnica między ""iść"" a ""chodzić""?","A) Brak różnicy | B) ""iść"" — jednokrotne, ""chodzić"" — wielokrotne | C) ""iść"" — dokonany, ""chodzić"" — niedokonany | D) ""iść"" — przeszły, ""chodzić"" — teraźniejszny","B"
"B1_ASPEKT_016","Aspekt czasownika — aspekt w trybie rozkazującym","high","Który aspekt jest typowy dla ZAKAZU (przeczenia w rozkaźniku)?
„Nie _______ tego!""","A) rób (niedokonany) | B) zrób (dokonany) | C) A i B są równie poprawne | D) Żadne z powyższych","C"
"B1_ASPEKT_017","Aspekt czasownika — aspekt z ""zacząć""","high","Zacząłem _______ nowy język.
(Który aspekt jest poprawny po ""zacząć""?)","A) uczyć się (niedokonany) | B) nauczyć się (dokonany) | C) A i B są poprawne | D) Żadne z powyższych","A"
"B1_ASPEKT_018","Aspekt czasownika — aspekt z ""skończyć""","high","Skończyłem _______ książkę.
(Który aspekt jest poprawny po ""skończyć""?)","A) przeczytać (dokonany) | B) czytać (niedokonany) | C) A i B są poprawne | D) Żadne z powyższych","C"
"B1_ASPEKT_019","Aspekt czasownika — czasowniki dwuaspektowe","high","Który czasownik jest DWUASPEKTOWY (może być i dokonany, i niedokonany)?","A) pisać | B) czytać | C) robić | D) aresztować","D"
"B1_ASPEKT_020","Aspekt czasownika — aspekt w pytaniach","high","Czy już _______ obiad?
(Który aspekt jest typowy dla pytania o rezultat?)","A) zjadłeś (dokonany) | B) jadłeś (niedokonany) | C) jesz (teraźniejszny) | D) A i B są równie poprawne","A"
"B1_ASPEKT_021","Aspekt czasownika — aspekt a czas trwania","high","Pisałem list przez dwie godziny i w końcu go _______.
(Który aspekt wyraża zakończenie po długim procesie?)","A) pisałem | B) piszę | C) napisałem | D) będę pisać","C"
"B1_ASPEKT_022","Aspekt czasownika — aspekt w instrukcjach","high","Który aspekt jest typowy dla INSTRUKCJI (przepisu kulinarnego)?
„_______ cebulę na drobne kawałki.""","A) Kroić (niedokonany) | B) Pokroić (dokonany) | C) Kroisz (2 os. teraźniejszny) | D) A i B są równie poprawne","B"
"B2_ASPEKT_003","Aspekt czasownika — aspekt w mowie zależnej","very high","Jak zmienia się aspekt w mowie zależnej?
Mowa niezależna: „Przeczytam tę książkę.""
Mowa zależna: „Powiedział, że _______ tę książkę.""","A) przeczytał (dokonany przeszły) | B) będzie czytać (niedokonany przyszły złożony) | C) przeczyta (dokonany przyszły, bez zmiany aspektu) | D) czyta (niedokonany teraźniejszny)","C"
"B2_ASPEKT_004","Aspekt czasownika — aspekt a aktionsart (rodzaj czynności)","very high","Który czasownik wyraża POCZĄTEK czynności (aktionsart inchoatywny)?","A) pisać | B) napisać | C) rozpisać się | D) A i B są poprawne","C"
"B1_MOWA_001","Mowa zależna — wprowadzenie z ""że""","high","Przekształć na mowę zależną:
Mowa niezależna: „Jestem zmęczony.""
Mowa zależna: On powiedział, że _______ zmęczony.","A) jestem | B) jest | C) był | D) będzie","B"
"B1_MOWA_002","Mowa zależna — zmiana zaimków dzierżawczych","high","Przekształć na mowę zależną:
Mowa niezależna: „Mój brat jest lekarzem.""
Mowa zależna: Ona powiedziała, że _______ brat jest lekarzem.","A) jej | B) mój | C) jego | D) twój","A"
"B1_MOWA_003","Mowa zależna — zmiana określeń czasu","high","Przekształć na mowę zależną (relacjonujemy następnego dnia):
Mowa niezależna: „Dzisiaj idę do kina.""
Mowa zależna: Powiedział, że _______ idzie do kina.","A) dzisiaj | B) jutro | C) wczoraj | D) C i tego dnia są poprawne","D"
"B1_MOWA_004","Mowa zależna — zmiana określeń miejsca","high","Przekształć na mowę zależną (relacjonujemy w innym miejscu):
Mowa niezależna: „Tutaj jest bardzo ładnie.""
Mowa zależna: Powiedziała, że _______ jest bardzo ładnie.","A) tutaj | B) tam | C) tu | D) gdzie","B"
"B1_MOWA_005","Mowa zależna — rozkaźnik → żeby","high","Przekształć na mowę zależną:
Mowa niezależna: „Zadzwoń do mnie!""
Mowa zależna: Prosił, _______ do niego zadzwonić.","A) że | B) czy | C) kiedy | D) żeby","D"
"B1_MOWA_006","Mowa zależna — pytania ogólne (tak/nie)","high","Przekształć na mowę zależną:
Mowa niezależna: „Czy masz czas?""
Mowa zależna: Zapytał, _______ mam czas.","A) czy | B) że | C) żeby | D) co","A"
"B1_MOWA_007","Mowa zależna — pytania szczegółowe","high","Przekształć na mowę zależną (zapytała mnie):
Mowa niezależna: „Gdzie mieszkasz?”
Mowa zależna: Zapytała mnie, gdzie _______.","A) mieszkasz | B) mieszka | C) mieszkam | D) mieszkała","C"
"B1_MOWA_008","Mowa zależna — zmiana ""ja"" → ""on/ona""","high","Przekształć na mowę zależną:
Mowa niezależna: „Ja to zrobiłem.""
Mowa zależna: Powiedział, że _______ to zrobił.","A) ja | B) on | C) ty | D) oni","B"
"B2_MOWA_001","Mowa zależna — następstwo czasów","very high","Czy w języku polskim obowiązuje NASTĘPSTWO CZASÓW w mowie zależnej?
Mowa niezależna: „Jestem chory.""
Mowa zależna (relacjonujemy później): „Powiedział, że _______ chory.""","A) jest (teraźniejszy — bez zmiany) | B) był (przeszły — następstwo czasów) | C) będzie (przyszły) | D) A i B są poprawne (brak ścisłego następstwa)","D"
"B2_MOWA_002","Mowa zależna — szyk zdania w pytaniach zależnych","very high","Jaki jest SZYK ZDANIA w pytaniu zależnym?
Mowa niezależna: „Gdzie on mieszka?""
Mowa zależna: „Zapytała, gdzie on _______.""","A) mieszka (szyk prosty: podmiot + orzeczenie) | B) mieszka on (inwersja jak w pytaniu) | C) on mieszka (szyk prosty) | D) A i C są poprawne (szyk prosty, bez inwersji)","D"
"B1_MOWA_011","Mowa zależna — z czasownikami modalnymi","high","Przekształć na mowę zależną:
Mowa niezależna: „Muszę iść do lekarza.""
Mowa zależna: Powiedziała, że _______ iść do lekarza.","A) musi | B) muszę | C) musiała | D) będzie musiała","A"
"B1_MOWA_012","Mowa zależna — z czasem przyszłym","high","Przekształć na mowę zależną:
Mowa niezależna: „Jutro pojadę do Krakowa.""
Mowa zależna: Powiedział, że _______ pojadę do Krakowa.","A) jutro | B) dzisiaj | C) następnego dnia | D) poprzedniego dnia","C"
"B1_MOWA_013","Mowa zależna — z czasem przeszłym","high","Przekształć na mowę zależną:
Mowa niezależna: „Wczoraj byłem w kinie.""
Mowa zależna (relacjonujemy tydzień później): Powiedział, że _______ był w kinie.","A) wczoraj | B) poprzedniego dnia | C) tydzień temu | D) tego dnia","B"
"B1_MOWA_014","Mowa zależna — zmiana zaimków wskazujących","high","Przekształć na mowę zależną (relacjonujemy w innym miejscu):
Mowa niezależna: „Ten dom jest piękny.""
Mowa zależna: Powiedział, że _______ dom jest piękny.","A) ten | B) taki | C) tamten | D) ów","C"
"B1_MOWA_015","Mowa zależna — prośba z ""żeby""","high","Przekształć na mowę zależną:
Mowa niezależna: „Proszę, pomóż mi!""
Mowa zależna: Prosił, żebym mu _______.","A) pomógł | B) pomagał | C) pomogę | D) pomagam","A"
"B1_MOWA_016","Mowa zależna — pytanie o przyczynę","high","Przekształć na mowę zależną:
Mowa niezależna: „Dlaczego nie przyszedłeś?""
Mowa zależna: Zapytała, dlaczego nie _______.","A) przyszedłeś | B) przyszedłem | C) przyszła | D) przyjdę","B"
"B1_MOWA_017","Mowa zależna — złożone przekształcenie","high","Przekształć na mowę zależną (wszystkie zmiany):
Mowa niezależna: „Ja dzisiaj tutaj pracuję.”
Mowa zależna (relacjonujemy później, po zakończeniu pracy, w innym miejscu): Powiedział, że _______.","A) ja dzisiaj tutaj pracuję | B) on tego dnia tam pracuje | C) on wczoraj tam pracował | D) on tego dnia tam pracował","D"
"B1_MOWA_018","Mowa zależna — wykrzyknienie","high","Przekształć na mowę zależną:
Mowa niezależna: „Jak pięknie!""
Mowa zależna: Powiedziała, że jest bardzo _______.","A) pięknie | B) piękny | C) piękna | D) piękność","A"
"B2_MOWA_003","Mowa zależna — w tekstach formalnych","very high","Która konstrukcja jest typowa dla FORMALNEGO cytowania w tekstach naukowych/prasowych?","A) Powiedział, że... | B) Według niego... | C) Jak stwierdził... | D) Wszystkie powyższe są poprawne","D"
"B2_MOWA_004","Mowa zależna — cytowanie pośrednie z dystansem","very high","Która konstrukcja wyraża DYSTANS lub WĄTPLIWOŚĆ wobec cytowanej treści?","A) Powiedział, że jest niewinny. | B) Twierdzi, że jest niewinny. | C) Rzekomo jest niewinny. | D) B i C wyrażają dystans","D"
"B1_WARUN_001","Zdania warunkowe — okres realny","high","Który czas jest poprawny w ZDANIU GŁÓWNYM okresu realnego?
„Jeśli będzie ładna pogoda, _______ na spacer.""","A) poszedłbym | B) pójdę | C) poszedłem | D) idę","B"
"B1_WARUN_002","Zdania warunkowe — okres nierealny teraźniejszy","high","Który czas jest poprawny w ZDANIU WARUNKOWYM okresu nierealnego teraźniejszego?
„_______ więcej czasu, pojechałbym na wakacje.""","A) Gdybym miał | B) Jeśli mam | C) Kiedy mam | D) Gdy będę miał","A"
"B1_WARUN_003","Zdania warunkowe — różnica jeśli vs gdyby","high","Jaka jest różnica między ""jeśli"" a ""gdyby""?","A) Brak różnicy | B) ""jeśli"" — formalnie, ""gdyby"" — potocznie | C) ""jeśli"" — warunek realny, ""gdyby"" — warunek nierealny | D) ""jeśli"" — przeszły, ""gdyby"" — przyszły","C"
"B1_WARUN_004","Zdania warunkowe — szyk zdania","high","Który szyk jest poprawny w zdaniu warunkowym?","A) Tylko: Jeśli..., to... | B) Oba: Jeśli..., to... / ..., jeśli... | C) Tylko: ..., jeśli... | D) Żaden z powyższych","B"
"B1_WARUN_005","Zdania warunkowe — ""to"" w zdaniu głównym","high","Czy ""to"" jest OBOWIĄZKOWE w zdaniu głównym po ""jeśli""?
„Jeśli przyjdziesz, (to) będę szczęśliwy.""","A) Tak, zawsze obowiązkowe | B) Nie, zawsze błędne | C) Opcjonalne, ale częste | D) Opcjonalne, wzmacnia związek między częściami","D"
"B1_WARUN_006","Zdania warunkowe — ""gdy"" vs ""jeśli""","high","Jaka jest różnica między ""gdy"" a ""jeśli"" w zdaniach warunkowych?","A) ""gdy"" — warunek realny pewny, ""jeśli"" — warunek realny niepewny | B) Brak różnicy | C) ""gdy"" — tylko czasowe, ""jeśli"" — tylko warunkowe | D) ""gdy"" — formalne, ""jeśli"" — potoczne","A"
"B1_WARUN_007","Zdania warunkowe — przeczenie w warunku","high","Jak wyrazić PRZECZENIE w zdaniu warunkowym?
„Jeśli _______ przyjdziesz, będę smutny.""","A) nie przyjdziesz | B) nigdy | C) przyjdziesz nie | D) nie (przed czasownikiem)","D"
"B1_WARUN_008","Zdania warunkowe — okres nierealny przeszły","high","Która forma jest poprawna dla OKRESU NIEREALNEGO PRZESZŁEGO?
„Gdybym wczoraj _______ więcej, zdałbym egzamin.""","A) uczę się | B) uczył się (niedokonany) | C) nauczył się (dokonany) | D) B i C są poprawne (z różnicą znaczeniową)","D"
"B2_WARUN_001","Zdania warunkowe — mieszane okresy warunkowe","very high","Który okres warunkowy jest MIESZANY (przeszły warunek, teraźniejszy rezultat)?
„Gdybym wczoraj nie zjadł tyle, teraz _______ się lepiej.""","A) czułem (przeszły) | B) czuję (teraźniejszy) | C) czułbym (warunkowy) | D) czułbym się (warunkowy zwrotny)","D"
"B2_WARUN_002","Zdania warunkowe — inwersja warunkowa (bez ""gdyby"")","very high","Która konstrukcja jest przykładem INWERSJI WARUNKOWEJ (bez spójnika)?","A) Jeśli chcesz, pomogę ci. | B) Gdybyś chciał, pomógłbym ci. | C) Chciałbyś — pomógłbym ci. | D) B i C są poprawne","C"
"B1_IMIES_001","Imiesłów przymiotnikowy czynny — tworzenie","high","Jaki jest imiesłów przymiotnikowy czynny od czasownika ""czytać""?","A) czytany | B) czytający | C) czytając | D) przeczytany","B"
"B1_IMIES_002","Imiesłów przymiotnikowy bierny — tworzenie (-ny)","high","Jaki jest imiesłów przymiotnikowy bierny od czasownika ""pisać""?","A) pisany | B) napisany | C) piszący | D) pisząc","A"
"B1_IMIES_003","Imiesłów przymiotnikowy bierny — tworzenie (-ty)","high","Jaki jest imiesłów przymiotnikowy bierny od czasownika ""zamknąć""?","A) zamknięcie | B) zamykany | C) zamknięty | D) zamykający","C"
"B1_IMIES_004","Imiesłów przymiotnikowy czynny — użycie","high","Które zdanie jest poprawne?
„Widzę _______ dziecko.""","A) płakające | B) płakający | C) płakająca | D) płaczące","D"
"B1_IMIES_005","Imiesłów przymiotnikowy bierny — użycie","high","Które zdanie jest poprawne?
„Książka _______ przez studentów leży na stole.""","A) czytana | B) czytany | C) czytane | D) czytający","A"
"B1_IMIES_006","Imiesłów przymiotnikowy czynny — odmiana","high","Uzupełnij zdanie poprawną formą:
„Rozmawiam z _______ studentem.""","A) uczący się | B) uczącego się | C) uczącym się | D) uczących się","C"
"B1_IMIES_007","Imiesłów przymiotnikowy bierny — odmiana","high","Uzupełnij zdanie poprawną formą:
„Mówię o _______ książce.""","A) przeczytana | B) przeczytanej | C) przeczytaną | D) przeczytane","B"
"B1_IMIES_008","Imiesłów przymiotnikowy bierny — nieregularny","high","Jaki jest imiesłów przymiotnikowy bierny od czasownika ""wziąć""?","A) wzięty | B) brany | C) bierzący | D) wziąwszy","A"
"B2_IMIES_001","Imiesłów przymiotnikowy czynny — w funkcji rzeczownika","very high","Która forma jest poprawna w funkcji RZECZOWNIKA?
„_______ powinni zgłosić się do sekretariatu.""","A) Studiujący | B) Studenci studiujący | C) Studiujący studenci | D) A i B są poprawne","A"
"B2_IMIES_002","Imiesłów przymiotnikowy — złożony","very high","Która forma jest przykładem IMIESŁOWU ZŁOŻONEGO?","A) piszący | B) napisany | C) nowo otwarty | D) C i ""szeroko znany"" są złożone","D"
"B1_IMIES_009","Imiesłów przysłówkowy współczesny — tworzenie","high","Jaki jest imiesłów przysłówkowy współczesny od czasownika ""pisać""?","A) pisany | B) pisząc | C) piszący | D) napisawszy","B"
"B1_IMIES_010","Imiesłów przysłówkowy uprzedni — tworzenie","high","Jaki jest imiesłów przysłówkowy uprzedni od czasownika ""napisać""?","A) napisawszy | B) napisując | C) napisany | D) piszący","A"
"B1_IMIES_011","Imiesłów przysłówkowy współczesny — użycie","high","Które zdanie jest poprawne?","A) Czytając książkę, zadzwonił telefon. | B) Czytając książkę, usłyszałem dzwonek. | C) Czytając książkę, telefon zadzwonił. | D) B jest poprawne","D"
"B1_IMIES_012","Imiesłów przysłówkowy uprzedni — użycie","high","Które zdanie jest poprawne?
„_______ pracę, poszedłem do domu.""","A) Kończąc | B) Skończywszy | C) Skończony | D) Kończący","B"
"B1_IMIES_013","Imiesłów przysłówkowy — aspekt","high","Od którego aspektu tworzy się imiesłów przysłówkowy WSPÓŁCZESNY?","A) Tylko od dokonanego | B) Tylko od niedokonanego | C) Od obu aspektów | D) B jest poprawne","D"
"B1_IMIES_014","Imiesłów przysłówkowy — przekształcenie zdania","high","Przekształć zdanie na konstrukcję z imiesłowem:
„Kiedy szedłem do pracy, spotkałem kolegę.""","A) Idąc do pracy, spotkałem kolegę. | B) Poszedłszy do pracy, spotkałem kolegę. | C) Idący do pracy, spotkałem kolegę. | D) Szedłem do pracy, spotykając kolegę.","A"
"B1_IMIES_015","Imiesłów przysłówkowy uprzedni — nieregularny","high","Jaki jest imiesłów przysłówkowy uprzedni od czasownika ""wziąć""?","A) biorąc | B) wziąwszy | C) wzięty | D) brawszy","B"
"B1_IMIES_016","Imiesłów przysłówkowy — przeczenie","high","Jak tworzy się PRZECZENIE z imiesłowem przysłówkowym?
„_______ nic, wyszedłem z pokoju.""","A) Niemówiąc | B) Nie mówiąc | C) Nie-mówiąc | D) Nie mówiwszy","B"
"B2_IMIES_003","Imiesłowy przysłówkowe — styl formalny","very high","W jakim stylu najczęściej używa się imiesłowów przysłówkowych?","A) W stylu potocznym | B) W stylu formalnym/pisanym | C) W obu stylach jednakowo | D) W stylu formalnym/pisanym (rzadko w mowie)","D"
"B2_IMIES_004","Imiesłowy przysłówkowe — typowe błędy","very high","Które zdanie zawiera BŁĄD w użyciu imiesłowu przysłówkowego?","A) Wchodząc do pokoju, zobaczyłem kota. | B) Przeczytawszy książkę, oddałem ją do biblioteki. | C) Jadąc autobusem, minęliśmy most. | D) Wychodząc z domu, zaczął padać deszcz.","D"
